19, 391, 1
19, 391, 2
19, 391, 3
19, 391, 4
19, 391, 5
19, 391, 6
19, 391, 7
19, 391, 8
19, 391, 9
19, 391, 10
19, 391, 11
19, 391, 12
19, 391, 13
19, 391, 14
19, 391, 15
19, 391, 16
19, 392, 1
19, 392, 2
19, 392, 3
19, 392, 4
19, 392, 5
19, 392, 6
19, 392, 7
19, 392, 8
19, 392, 9
19, 392, 10
19, 392, 11
19, 392, 12
19, 392, 13
19, 392, 14
19, 392, 15
19, 392, 16
19, 393, 1
19, 393, 2
19, 393, 3
19, 393, 4
19, 393, 5
19, 393, 6
19, 393, 7
19, 393, 8
19, 393, 9
19, 393, 10
19, 393, 11
19, 393, 12
19, 393, 13
19, 393, 14
19, 393, 15
19, 393, 16
19, 394, 1
19, 394, 2
19, 394, 3
19, 394, 4
19, 394, 5
19, 394, 6
19, 394, 7
19, 394, 8
19, 394, 9
19, 394, 10
19, 394, 11
19, 394, 12
19, 394, 13
19, 394, 14
19, 394, 15
19, 394, 16
19, 395, 1
19, 395, 2
19, 395, 3
19, 395, 4
19, 395, 5
19, 395, 6
19, 395, 7
19, 395, 8
19, 395, 9
19, 395, 10
19, 395, 11
19, 395, 12
19, 395, 13
19, 395, 14
19, 395, 15
19, 395, 16
19, 396, 1
19, 396, 2
19, 396, 3
19, 396, 4
19, 396, 5
19, 396, 6
19, 396, 7
19, 396, 8
19, 396, 9
19, 396, 10
19, 396, 11
19, 396, 12
19, 396, 13
19, 396, 14
19, 396, 15
19, 396, 16
19, 397, 1
19, 397, 2
19, 397, 3
19, 397, 4
19, 397, 5
19, 397, 6
19, 397, 7
19, 397, 8
19, 397, 9
19, 397, 10
19, 397, 11
19, 397, 12
19, 397, 13
19, 397, 14
19, 397, 15
19, 397, 16
19, 398, 1
19, 398, 2
19, 398, 3
19, 398, 4
19, 398, 5
19, 398, 6
19, 398, 7
19, 398, 8
19, 398, 9
19, 398, 10
19, 398, 11
19, 398, 12
19, 398, 13
19, 398, 14
19, 398, 15
19, 398, 16
19, 399, 1
19, 399, 2
19, 399, 3
19, 399, 4
19, 399, 5
19, 399, 6
19, 399, 7
19, 399, 8
19, 399, 9
19, 399, 10
19, 399, 11
19, 399, 12
19, 399, 13
19, 399, 14
19, 399, 15
19, 399, 16
19, 400, 1
19, 400, 2
19, 400, 3
19, 400, 4
19, 400, 5
19, 400, 6
19, 400, 7
19, 400, 8
19, 400, 9
19, 400, 10
19, 400, 11
19, 400, 12
19, 400, 13
19, 400, 14
19, 400, 15
19, 400, 16
19, 401, 1
19, 401, 2
19, 401, 3
19, 401, 4
19, 401, 5
19, 401, 6
19, 401, 7
19, 401, 8
19, 401, 9
19, 401, 10
19, 401, 11
19, 401, 12
19, 401, 13
19, 401, 14
19, 401, 15
19, 401, 16
19, 402, 1
19, 402, 2
19, 402, 3
19, 402, 4
19, 402, 5
19, 402, 6
19, 402, 7
19, 402, 8
19, 402, 9
19, 402, 10
19, 402, 11
19, 402, 12
19, 402, 13
19, 402, 14
19, 402, 15
19, 402, 16
19, 403, 1
19, 403, 2
19, 403, 3
19, 403, 4
19, 403, 5
19, 403, 6
19, 403, 7
19, 403, 8
19, 403, 9
19, 403, 10
19, 403, 11
19, 403, 12
19, 403, 13
19, 403, 14
19, 403, 15
19, 403, 16
19, 404, 1
19, 404, 2
19, 404, 3
19, 404, 4
19, 404, 5
19, 404, 6
19, 404, 7
19, 404, 8
19, 404, 9
19, 404, 10
19, 404, 11
19, 404, 12
19, 404, 13
19, 404, 14
19, 404, 15
19, 404, 16
19, 405, 1
19, 405, 2
19, 405, 3
19, 405, 4
19, 405, 5
19, 405, 6
19, 405, 7
19, 405, 8
19, 405, 9
19, 405, 10
19, 405, 11
19, 405, 12
19, 405, 13
19, 405, 14
19, 405, 15
19, 405, 16
19, 406, 1
19, 406, 2
19, 406, 3
19, 406, 4
19, 406, 5
19, 406, 6
19, 406, 7
19, 406, 8
19, 406, 9
19, 406, 10
19, 406, 11
19, 406, 12
19, 406, 13
19, 406, 14
19, 406, 15
19, 406, 16
